<root>
    <Application>
        <appname>Your App Name</appname>
        <appid>com.app.id</appid>
        <appversion>1.0.0</appversion>
        <appstatus>debug</appstatus>
        <appicon>res/AppIcon.png</appicon>
        <minversion>1.0</minversion>
        <apiver>1</apiver>
    </Application>
    <Build>
        <platform>aarch64</platform>
        <platform>x86-64</platform>
        <builder>gcc</builder>
        <src>src/</src>
    </Build>
    <Privacy>
        <pressmission>sudo</pressmission>
        <pressmission>filesystem</pressmission>
        <pressmission>network</pressmission>
    </Privacy>
</root>